1,4.286409391051368090e+00,-1.100916043258347576e+00,1.835299794273890006e+00,2.299687145111995346e+00,7.958087955299583127e-01,1.486051647199568615e+00,2.997981136994769535e+00,-3.745756099195680200e+00,-2.017445108816036559e+00,-1.956946574058425314e+00,-1.013340673904622014e+00,1.075202283971809503e-01,2.072932393346121227e+00,-9.044076210613195554e-01,-3.252990195826472308e-01,-1.561060476992205626e+00,3.887447607963738783e-01,1.261477103992837634e+00,-4.278363727773283332e-01,2.774922527049923815e+00,1.313065497406784021e-01,-2.404959954898692409e+00,1.236468545843505629e+00,-3.034910911458911786e-01,-1.000941092546665745e+00,6.785803819408534610e-01,-4.308425751418291094e-01,-1.945976175729603908e+00,-1.262178772342075650e+00,-8.658196642534590204e-01,9.320694943594701187e-02,1.035959479873672651e+00,4.847708202114741627e-01,1.092276090309950654e+00,-1.992649503648315390e+00,2.375865558925132071e-01,-1.394727470016344228e-01,3.081694185717725354e+00,8.761330777010627457e-01,3.060437447129080168e-01,-1.657076748393648380e+00,3.174157506551660290e-01,2.089602237706172705e+00,6.631263801937934410e-01,-8.173796014802999776e-01,8.809839037241288251e-01,-7.890384504104128727e-01,-5.559614578796249207e-01,-1.141471482044290831e+00,-2.530114457955321416e+00,-1.336027717612039423e+00,2.003246600997585780e+00
2951,5.821154484249570515e+01,3.168758119449477562e+01,1.256221264464871190e+01,-1.170433695089476345e+01,-1.991909927190163687e+00,4.003720830005303988e+00,-1.862049830475843493e+00,5.986275704127628217e+00,7.950468524147880522e+00,1.851303924787185640e+00,-1.310883560150469362e+00,-5.314732133554330495e+00,-3.266179370402781501e+00,-1.751521490319746022e+00,7.701196518795866197e+00,-3.391154458294556306e+00,6.117167482136226297e+00,-1.631009580522118085e+00,-2.336722618988099853e+00,4.911146006645824791e+00,-2.815918032134605564e+00,1.685238485654559026e+00,1.546845171208636627e+00,1.177124630779613046e+00,-4.277691524017144253e+00,-3.359880740765457396e+00,6.024296044421656227e+00,5.691545325676166112e-01,-4.903825972486244744e+00,-4.261435091707634903e+00,7.691414985104644275e-01,1.028191527909240177e-01,1.252669966123455270e+00,1.967220895720421137e+00,-2.452978742789379218e+00,4.288719759375284740e-02,2.244704930248774044e+00,-2.346694430485687100e-01,6.833546602369132472e+00,-1.709293032000835488e+00,1.156382512109638272e+00,6.309728479864686046e-02,-1.832599920625100909e+00,-1.460498946508796081e+00,-8.551812533988595311e-01,1.619234467266049249e+00,3.553950950043935020e+00,1.931025081245803521e-01,-1.353525984052616149e+00,-1.661617774662674352e+00,-4.273170414081402413e+00,-2.415759312938106362e-01
5901,2.587060474498001472e+00,-2.170214453651823749e+00,1.862535792466433748e-01,-5.778579443325917442e-01,-4.126521700801827341e-01,3.636650193882594584e-01,-9.222808368982478022e-01,1.583101043696549137e+00,4.733639195103377384e-01,-3.962894561898063772e-01,-1.444709701958746706e+00,-3.371158429786699218e-01,-1.674509657435909293e+00,1.452315139752095863e-01,2.013166388249224559e-01,-1.040030779447087134e-01,-1.184866038854496484e+00,7.740719196424458159e-01,-1.228872848761669578e+00,3.643708700096757180e-01,-1.574017608298685089e-01,-9.952097463914971742e-01,1.064872199126380981e+00,-8.379188767737357768e-01,8.933239286645024979e-01,-1.565825400939144796e-01,-4.133728102168803265e-01,-5.141193525854128588e-01,-1.742182599925140019e-01,-1.141650058896092501e+00,-8.452646304743452466e-02,7.006207577370241468e-01,-5.016268751978129048e-01,-8.004157629856398781e-01,6.720813364933969636e-02,7.931697316671250109e-01,7.336517834992811737e-01,-5.737192311245498111e-01,8.339061856965843123e-02,1.782353767009904999e+00,9.497459206935696674e-01,-3.614301856014370262e-01,-3.915872522727028571e-01,4.487750124210895253e-01,3.593928532053931590e-01,1.288111102783931483e-01,2.643772051531492195e-01,1.070759130675164705e+00,1.357464915983737919e-01,-1.011226303613694810e+00,-1.492665785295357761e+00,-4.793478170412486250e-01
8851,4.218916270357051523e+00,-7.462646572506188569e-01,-1.182845162523102012e+00,-3.658999672063958375e+00,-2.122264484850599597e+00,8.630843015691813669e-02,-2.050168018650192714e+00,-1.896154649482906684e+00,-1.766914849983127089e+00,-6.130768832907904642e-01,-6.238895926984271423e-01,-3.323634375456920309e-01,-1.930985689810854833e+00,9.733441184673293778e-01,-2.226404153269030961e-01,1.358954823144719048e+00,-1.132907334117889020e+00,-3.839119861055375615e-01,1.464775249858925321e-01,-6.493655908021825351e-02,3.002471092681247566e-01,-1.300792194200648122e-01,-1.784027203271959072e+00,-5.602850677922756040e-01,-2.848158074206609491e+00,-6.183092619023065062e-01,3.064506799483277671e-02,-7.100445122367664563e-01,-2.727955515980121870e+00,1.651014974126226109e+00,1.884410983317139632e-01,-4.016649732060733058e-01,2.817977820666706990e+00,1.784290331051413991e+00,-1.571924908723538183e-01,-5.334280009695782088e-01,1.612680924165972529e+00,2.384937705961469145e+00,2.513387554502360732e+00,-1.958056856375199661e+00,-6.032637988696983866e-01,-4.664392827395744678e-01,2.025629069081880118e+00,2.712436853367611311e-03,-3.790613591125121529e-01,4.169659571165581502e-01,1.928310890616367290e+00,-7.803391806170648648e-01,-1.815984390137145077e+00,3.321039951833615778e+00,2.874987538193357395e+00,-2.979906559451683812e+00
11801,1.386026496026972143e+00,6.008529670059772898e-02,-2.196935593785769303e-01,-1.381973364823170014e+00,1.322748666004342599e+00,-1.481181422263946112e+00,1.756603258434550563e+00,6.971786876216528039e-01,4.077574091874316409e-01,-4.624476402153202548e-01,-1.818105350606962767e-01,1.022680721509218182e+00,6.063741369868739239e-01,-1.203818606318764056e-01,7.092695716914106940e-01,7.815134193759615266e-01,-5.555677635723800245e-01,9.531970433601197890e-01,-7.177506562796716061e-01,1.163827109335031418e+00,8.356061127233536945e-02,1.072756517158843570e+00,3.279423487452519104e-01,1.649659049429896829e-01,-3.766647806836733725e-01,-7.024994491852896150e-01,3.164492084272673700e-01,3.372303044869908728e-01,3.850736697663329489e-01,-8.265844452567953915e-02,-4.717723292471037722e-01,-1.876555921160660556e-01,-1.257619959208845506e+00,9.068398963689612291e-01,-6.471610974988336595e-01,6.107196731710523574e-02,1.231517364175473528e+00,-1.384245967110553810e+00,-1.973659057552368534e-01,-5.570283428279396709e-01,-1.260827936619075773e+00,1.729080092872652963e-01,6.018865740621874849e-01,-2.212634585067906057e-01,-3.266005139847393823e-01,2.251658464652838698e-01,-1.666288350812137053e-01,-5.900012747022278514e-01,-3.318369265028884296e-01,2.235346665262899143e-02,-5.117078111663566631e-01,1.418299295410820407e-02
14751,9.780564540475962687e+00,4.960097481955232368e-01,2.842401446673168408e+00,6.393970042518387409e+00,3.873215998795732862e+00,-1.083920627471045339e+00,3.386043781275565934e+00,5.260930425045558856e+00,-1.252756494472857085e+00,2.073507653933059025e+00,-7.790998351889222295e-01,-3.259162887363061145e+00,2.540536984914565810e+00,1.065596822948665423e+00,3.938145075480016244e-01,2.419288232983032749e+00,1.945376090557568438e-01,3.250297472362563278e-01,2.988617684048721634e-01,-1.500071523386140360e+00,-2.894444639418361387e+00,2.239138399516953370e+00,1.564919779678057843e+00,2.158728586846554887e+00,-3.639687658667987158e-01,1.322689037518847588e+00,6.473621335559034962e-02,-1.710186121004560134e+00,-8.707824998197757349e-01,-3.057099260672963559e-01,1.738835635982049599e+00,-5.812403541178873256e-01,2.852410384876007399e+00,-2.431430668693939645e-01,-5.505378813506350832e-01,1.004901932648703200e+00,-3.109616313040103996e+00,1.742129489082138383e+00,-6.118864706772114692e-02,-1.938085000522348222e+00,-5.366132849344996680e-01,2.491606628202255314e-01,9.303775858002468757e-01,-5.541572468031031873e-01,-1.720736846020240796e+00,-1.341843643882169257e+00,1.374815237043418348e+00,-4.248487771694086090e-01,1.552554409362411070e-01,-2.480424613503429687e-01,-7.368648801171876483e-01,-1.972885342533231556e+00
17701,4.761211489263188490e+00,1.227984903622826973e+00,-5.295237572133441040e-01,3.491434062036391506e+00,-8.636040285575927733e-01,-9.725114917581983986e-02,2.160735514887488495e+00,3.310024118641554658e+00,1.265125986389398216e+00,-4.628373915687412632e-01,-1.081123847982456532e+00,1.702625607511442096e+00,7.235849272039152069e-01,9.139590583986173522e-01,-1.499905583453398084e+00,1.569768087256596001e+00,1.184950752294269688e-01,1.037780009519878810e+00,7.903663394347141269e-01,-1.627787230283567865e+00,-6.532037145353035701e-01,-2.609933240686324041e-02,1.581113427379952308e+00,2.083141577434671543e+00,5.693690618753844968e-01,3.406583155045290190e-01,1.825373847699812702e-02,-1.179431843398076052e-01,-1.996155599107482637e+00,5.035326918011753250e-01,-1.977656334640647495e+00,-1.462768620881940373e+00,1.278912968684661644e+00,-1.021112650648579173e-01,-5.683186783946839737e-01,3.679408674628020792e-01,-3.534297589655550076e-01,-4.894585554170211572e-01,-7.954727536021939382e-01,1.676416897510695003e+00,-9.991993359812497699e-01,2.195866538451069605e+00,-1.231128798522889839e-01,-1.218514381426331727e+00,6.911601599936174622e-01,-1.571416953395077254e+00,2.087293386969156783e-01,1.671991593137353016e-01,-4.854367045095531186e-01,3.489051577246506386e-01,2.525315214497142691e+00,3.704019786015374516e-01
20651,1.991434824953693061e+00,1.127624149405676457e+00,-1.829885775363405964e-01,1.212024279189424902e+00,8.874793231803266291e-01,-1.816372074328022335e-01,6.406988201037785435e-01,1.780798154111618015e+00,1.558573449313034320e-01,1.747089526514293834e-01,-1.546173121711367893e+00,-7.901087843107408304e-01,-7.806051729937029116e-01,5.930072851190086869e-01,-8.361691323978377721e-02,1.162936971485063475e+00,6.186021174018226931e-01,1.354595960694730206e+00,9.673598816648590892e-01,-8.198580805043311770e-01,-1.403616411095661265e+00,-8.666211273982280527e-01,-1.191087000892655789e-01,1.185191711988067276e+00,4.427712158978515666e-01,3.547394299434660780e-01,5.923770712988166709e-01,-1.128179888464878156e+00,-1.964821476283046264e+00,2.577022829435953177e-01,-1.024114206399625360e+00,-3.982336755353833579e-01,6.266815653180720647e-01,3.191728986322408396e-02,3.506547565087329843e-02,3.323432483436194462e-01,-3.767124096820916868e-01,4.918455130736553160e-01,-2.721606216854596805e-01,7.495232220262879608e-01,1.157386286279625365e+00,9.138098158504750490e-01,1.132459898334574389e+00,-7.296195271403599358e-01,4.878190411538166904e-01,-1.347296941740599552e+00,-3.169018152048163728e+00,-8.773168007675669067e-01,-7.612906763373594732e-01,9.069044226117956020e-01,5.627322809295549622e-01,2.210059386920437130e-01
23601,8.320706279744515044e+00,2.223768868204077709e+00,4.720737410087161856e-01,3.067544843398480658e+00,-2.097368347737400995e+00,4.468634859021010541e+00,1.642680265057723465e+00,1.775208479705364883e+00,3.974686405277477963e+00,9.603883333467144734e-02,-1.880486626339759271e+00,1.878955632594400349e+00,-1.009089988678918637e+00,3.797596195018854814e+00,-3.028709388521750423e+00,-6.380516976364111192e-01,-7.167743480763751895e-01,1.348876495392126618e+00,7.976796268487194030e-01,-1.116871261317311070e+00,-9.361360003082803971e-03,2.106094874630102254e+00,2.938310921796002395e-01,-1.251429868084691588e+00,-7.788824896277404264e-01,-7.375254046509912564e-01,3.826742748662547711e-01,2.734846215327399577e+00,1.725506452453817507e+00,1.604405381503040406e-01,-1.386842822191201696e+00,-3.662609446825703774e+00,1.482525826981442751e+00,-1.447849464449771695e+00,-1.911162214272420501e+00,-1.353762324144268003e+00,-3.295779327848439966e+00,8.279753957804160125e-01,7.686969750848959837e-01,-3.278331662065538943e-01,8.925552334703419632e-02,-2.600270347944325877e+00,-6.481303201457254692e-01,2.545514900240482437e+00,-3.822650379697237200e-01,8.169923669396138566e-01,1.864321812893602048e-01,7.181831423344787746e-01,-2.564906064822598530e-01,6.445879977558394147e-01,2.229757584432451978e+00,4.600720537862121873e+00
26551,7.772298274405839535e+00,-6.359918306914363662e+00,4.310565524060271381e-01,5.482695311684737227e+00,9.028246208934825878e-01,2.336696505522078748e+00,1.201052621064874426e+00,-2.008747625788133373e+00,2.701080499028946758e+00,5.953061746503607310e-01,-6.059703029243541650e-01,-2.913750339995623495e+00,1.252171122425036920e+00,-1.859305522885439155e+00,3.404004582494042364e+00,-1.081448648811930591e+00,-2.272407518147424810e+00,2.395678005178756426e-02,-9.600288925854650879e-01,1.746151384812045793e+00,-1.108625037068320163e+00,-1.450270479692657988e+00,8.914313549807496573e-01,-1.320485257468422935e+00,-6.275753669695897929e-02,-2.033198689754331490e+00,-6.149955914357740916e-01,-2.078218794511579759e+00,2.496120810114957678e+00,-2.402922245232071985e-01,2.146325298101820156e+00,2.072879290690007870e-01,8.909847970276831841e-01,-1.056084777862244861e+00,1.177506530093112014e+00,-1.303353316163459397e+00,3.737972908871290412e-01,1.672253116048976640e+00,8.921604858336085186e-01,3.369908870857501459e-01,-3.286351247395493225e+00,-2.243236560642963284e-01,-1.299759604408655678e+00,1.172962677140283905e+00,-2.523186401882422658e-02,1.639298482497184128e+00,-9.962230261761173544e-01,5.982727328339075834e-01,9.765717523615896623e-01,5.628049520988438470e-01,-1.073020686214891217e+00,-3.050861351489670414e-01
29501,3.215752109694556715e+00,-2.926509808182688466e-01,1.691495400090270884e+00,8.937036834853826495e-01,2.024805567633466141e-01,-3.201710765114774149e-01,3.413102532624999741e-01,-7.940575126016846674e-01,-3.971497959066229155e-01,-1.186264495863976087e+00,-9.307622360981780973e-01,-4.946250584878669754e-01,1.761594177536551342e+00,-7.934968521721674772e-01,1.191171106726641948e+00,2.374375812699383859e-01,-6.058376819113271416e-01,8.661623381716986314e-01,-3.365773869001908447e-01,1.995801089258840921e+00,-1.065530080033743499e+00,-5.759363201692182521e-01,-1.066428890850526168e+00,-9.848262010210412365e-01,1.311900346443515053e+00,-4.868899321639515998e-01,-8.214480720276003956e-01,-6.055367873239135834e-01,-3.315184796469417550e-01,-1.059067688915477312e+00,-2.360867414707726319e-02,1.496692555556840443e+00,-1.033465862576446126e+00,3.726135840146451161e-01,-1.568817070900357713e+00,2.413772002925791971e-01,-1.242996296434706188e-01,-1.046309341766164858e+00,1.147676004675366235e+00,1.929831469873777738e+00,2.927084941943356999e-01,-4.252911295636633837e-01,5.402573876374780482e-02,2.746154809590914403e-01,7.034966960133828273e-01,-3.696163570373814933e-01,6.263874069527499699e-01,7.384754547002370106e-01,-8.057768839291074014e-01,-8.842521814475863273e-01,-1.481502797063126931e+00,-6.636354912804378614e-01
32451,1.975551576844802870e+00,1.912141323124482595e+00,-2.377196653342899424e+00,-1.320799287557519630e+00,1.472148352211029576e-01,2.908221425127236470e-01,-1.079387912835637398e+00,4.183264806524011892e-01,1.627612087946498365e+00,-5.137834905962474608e+00,5.813083816500150824e+00,-2.722414678737794969e+00,5.216262491591140693e-02,-1.549782791719395147e+00,-1.411610237303217552e+00,-2.583731776443111805e+00,-5.779777658348212999e-01,-1.138142840053526950e+00,-5.044579371375572663e-01,-1.017116334882703921e+00,-3.787347543543402306e+00,-7.268463136554248472e-01,1.466568773407808557e+00,2.029884578280488072e-01,-1.637359728882489485e+00,5.523401584932040587e-01,-2.086463687151627888e-01,1.622846758306811799e+00,1.118741625568973191e-01,-1.082138587378655314e+00,-1.079193929559365550e+00,6.583303475123983839e-01,9.911235628081271898e-02,9.238446529369658267e-01,1.935995578084083457e-01,4.371384429323850185e-01,-1.020355568806757596e+00,-1.053650809028633839e+00,6.009511292822860423e-02,9.781446593345868301e-01,6.161306661754558656e-01,1.088842876893431066e-01,1.676747903559379360e-01,2.665110781683951990e-01,-3.108605605862045929e-01,4.940401719607083186e-01,-5.692518998758454574e-01,9.844489921828619705e-02,2.233208042571645235e-01,-1.419446332902428165e-01,1.010212794614141707e+00,-4.506179359794853512e-01
35401,6.641248504039070077e+00,2.530798951698340904e+00,2.985795058761184784e+00,6.991347186161686267e+00,1.528423092375549519e+00,-2.986006504270269701e+00,-7.045118280566342595e-01,8.307477802355947016e-01,-1.760370897044096772e+00,3.509685922526044055e-01,1.670114647561272925e+00,-2.037886438246653942e+00,-2.314798685343930074e-01,4.400190327558642700e+00,-2.358609362806544762e+00,7.475167144258249019e-01,-9.254345076060069286e-02,2.848800700578125511e+00,-1.511775110215976214e+00,5.738913693765171908e-01,-1.021221896222249459e+00,-8.388574616280061180e-01,-2.200339997101574685e+00,1.915847646568855200e+00,-1.290621950018652875e+00,6.771339459095681024e-01,3.235850699257837859e-01,-4.353233845368313926e-01,-6.073517338990618297e-01,1.925637360252858699e-01,3.759094817082177520e-01,-1.033879545365603114e+00,3.336497889984487153e-01,-4.281309576358237612e-01,3.787130663543257780e-01,6.425495389898526755e-01,1.871557904454744792e+00,3.878673878807376574e-01,-5.957344175074841264e-01,-8.566406628364134912e-01,5.985541739308629650e-01,9.559778585077600699e-01,1.707946654506404052e-02,-9.171473653425651351e-01,-1.181672256844869262e-01,-2.369766248515955631e+00,-2.385759522441925462e+00,3.985596310380531970e-02,1.300967235529011168e+00,1.050336776420896179e+00,-7.927672453941874142e-01,-1.276273539664959822e+00
38351,1.020253053666518817e+01,4.975190190301150395e+00,-5.443346247838378726e-01,7.494083513417190368e+00,6.495852579830272422e-01,-2.555653281360824813e+00,2.105731209913185298e-01,4.405874333106306828e+00,1.681497230232469553e+00,1.188400245247519749e+00,-2.160411478398732155e-01,2.286638480582694033e+00,1.289160085642415021e+00,3.426017707606638485e+00,-7.913101343280375399e-01,3.669996619731227927e+00,4.826763378478761690e-01,9.549488243834953760e-01,1.473228990656886950e+00,-7.939565651068786201e-01,-1.518057743273191207e+00,1.397315525907731226e+00,3.017024989724795603e+00,2.340292519930602833e+00,1.317541593445505255e+00,1.601150801768900012e+00,3.013979109985691185e+00,-3.445376880631917160e+00,-1.037999383855687352e+00,3.376732188132041679e-01,-5.827381200969504460e-02,-3.466013908043049097e-01,2.306035648931573923e-01,-1.441606529826792382e+00,1.872487822238285415e-01,5.419976512837415550e-01,-2.800875735135745170e+00,-6.794222207197282426e-01,8.716741196253857682e-01,-2.937083199741673312e+00,-1.106246843867806362e+00,-1.088645184387122405e-01,1.637227277430763683e+00,-3.135889319960596389e+00,-1.333335273017949296e+00,-3.181070775532880202e+00,-2.134725788236279398e-01,2.823948378418205118e-01,-8.565625599197144169e-01,-6.305641994207693557e-01,4.666770189407081215e-01,-7.256707233163072202e-01
41301,4.051018805748189067e+00,-4.810212975464009055e+00,-8.530495814570880908e-01,2.821969353883530651e+00,1.556147700907704046e+00,-1.268687598914261194e+00,1.744842151666074814e+00,7.818105774264416663e-01,2.375686596091187042e+00,-4.019009401683581451e-01,-2.469619239781743136e+00,-2.514215936465570511e+00,1.926603921080209503e+00,-1.854781728526893714e+00,1.514322592400003942e-01,-2.918139549511526099e+00,-1.082012506233446247e+00,6.896284905193526826e-03,-1.813179407213450223e-01,6.920088167239750732e-01,-2.603262188853437742e+00,4.636425402847121208e-02,1.562556822097385667e-01,-1.902098720336082627e+00,2.709856398121061272e+00,-2.948532871845390702e-01,1.520119713042008769e+00,2.059443850951471200e-01,-2.198221669555721902e-01,-9.511471392633303878e-01,2.278585831165777176e+00,-2.389593135212737807e-01,1.107089330134817917e+00,7.272869738730477485e-01,6.689166499993239867e-01,-1.516653805090776852e-01,6.989899004710738994e-01,1.689090184522516136e+00,-7.903293898285965180e-03,1.509188310664747679e+00,-1.517132738139311376e+00,-2.574101183602404586e+00,-5.277293309339700089e-01,1.520253589229757923e-02,-6.437337365815797297e-01,1.358639106064734703e+00,1.263974870240245352e+00,9.780493499626358167e-01,-5.326335729867165414e-01,-1.409981552197366594e-01,-9.376079047072912731e-01,-1.450884743951084799e+00
44251,1.407333727672119217e+01,-5.432834626816756440e+00,-4.193256647711686824e+00,2.347553968805740077e+00,-3.227003341038969797e-01,3.224361002640715457e-01,-7.185806818858226919e-01,4.975093853852662562e+00,6.063688637963300376e-01,3.139055155203440695e-02,5.710756534048937183e-02,6.388371541831423528e-01,-1.190014783913612817e+00,-2.960725056799130339e+00,6.827593646281917561e-01,2.402298308160547347e+00,-3.883674259032031451e+00,6.984337763349903749e-01,9.783300376525531084e-01,2.758811499324457794e-01,-2.332549545068343555e+00,4.737000753164344879e-01,2.844635884447906271e+00,7.294806306709488153e-01,1.172712188403080891e+00,2.170680568328898996e+00,1.248869973449971305e+00,-4.741253860256775532e+00,1.026855687626501701e-02,-2.428276989950538312e+00,-2.358765819407372177e+00,1.071918422598811871e+00,-1.281487065216341481e+00,1.529969073138572444e+00,-1.796616242187856649e+00,-7.763596030481616506e-01,-2.404248012036703130e+00,-1.657154859249265977e+00,3.486179983164123253e-01,-6.507434519060453226e-01,2.023641115965264803e-02,3.171413879889769305e+00,-2.454225419792441354e+00,2.605644602522444231e+00,8.539275763558052956e-01,-2.131494588288344705e+00,3.313952590820545829e+00,1.849345872738978436e+00,-9.074637913629741703e-01,6.262906491124838881e-01,3.574695242823016095e-01,3.196425030135180423e-01
47201,9.986321204724168510e+00,-1.469430318783671308e-01,2.750023156457433449e-01,8.848784929423164414e+00,2.431151955633597428e+00,8.542922370731707016e-01,1.799730147274263725e+00,-1.026291451638501107e+00,1.308965397904836125e+00,1.441915883931791820e+00,2.939254304735577916e-01,-2.523751795738138348e+00,2.499210418017729474e+00,4.014305806191847736e+00,2.207737859842417105e+00,1.335538512678944301e+00,-5.247081337060219286e-02,5.907206749534918977e+00,1.146842353947807730e-01,2.786201368509662490e+00,-3.392481544583305642e+00,-1.782882128677794054e+00,8.386665502598463773e-01,2.518872219517808819e+00,-1.018063191572571968e+00,-1.315532535986668305e+00,2.235309460418631211e+00,-1.004667431432607339e-01,-1.325487034619122761e+00,4.003737261982742157e-01,-2.326223001672529822e+00,2.352649990679298309e-01,3.137347676868952884e-01,1.022339075841894207e+00,1.053030982351396805e+00,-2.084199432433055055e+00,1.258065098847767960e+00,2.319172033411219525e-01,-2.218495961548334172e+00,-1.064562244947223180e+00,1.200781780343350924e+00,-1.381006240085381753e+00,1.471084330514416463e-02,1.691447779814760910e-01,1.325763831649786340e-01,-3.414019140495396232e-01,-1.035327735334916066e-01,7.291298752055594412e-02,-1.227992377544709246e+00,7.503116601169160793e-01,-7.159601714784578075e-01,3.886752399535917113e-01
50151,5.221874870062361396e+00,-3.019299223281886935e+00,-8.406718408030748879e-01,3.560950984891584348e+00,2.291603877381425125e+00,-5.469611380125580791e-01,3.601486548792889764e+00,2.215304741369750197e+00,2.011752016760436135e+00,8.880358406597145260e-01,-1.964831223477413014e+00,-1.256349432349192830e+00,3.342532044295738025e+00,-2.281344437465895325e+00,1.156357652082309895e-01,8.868092480447109516e-01,-4.540725619791841083e-01,7.269877658483763216e-01,2.665619418160511511e+00,2.103113111141022562e-01,-3.312618483058554997e+00,3.626776164015402815e-01,7.417419353121251779e-01,2.139041196448189908e+00,8.713442288126185264e-01,1.574029815980109603e+00,1.166982971454040285e+00,-4.309881250335788616e-01,5.670084636513491594e-01,-3.898005310217045882e-01,-5.764999437305072527e-02,-1.278702674863863020e+00,2.494424516743641185e+00,1.661566176387784255e+00,-8.876976371651514874e-01,-2.340597448980084316e-01,-1.012967201702981157e+00,-6.761423213650093189e-02,8.666804758254658125e-01,9.747979098928124531e-01,-1.820966333846073759e+00,-1.007831921116377316e+00,-9.759363967760061875e-01,-1.294156121936119730e+00,7.493811671571781741e-01,-9.298385432274538509e-01,2.245974942284034714e+00,-3.859090793675841735e-01,2.176054952766657724e+00,-9.587126997820808461e-01,7.055895129442238956e-01,-1.019692633884297539e+00
53101,2.108157255295197174e+01,1.260160391117152834e+01,1.358729291520779903e+01,8.892136632122042528e+00,2.750391450693625561e+00,-8.956802687839621413e+00,-1.280144603031394102e+00,1.268122088133128100e+00,-3.781131673620008904e+00,5.466251472990330207e+00,4.118472899422513933e-01,-2.460752339752252826e+00,3.847224347643052322e+00,1.099213302217942712e+01,-7.653378014130792550e+00,2.519325003965094956e-01,-6.592188543790027389e+00,-6.839562420436660073e-01,-8.711191095041344923e+00,-2.220567106221718490e+00,-1.466178214260946078e+00,1.286412307613966988e+01,2.176991353039038624e-01,3.337309212646954570e+00,5.944034683353364990e-02,1.222794526238328849e+00,-2.186732085480064036e+00,3.240502813752131672e+00,2.134483431141234178e+00,-4.767801176682526787e-01,-2.117735023388799043e+00,-7.486467266992996805e+00,3.831298715570079949e+00,6.241552662059239864e-01,-1.684077427442618680e+00,8.824209920101427906e-01,-1.057066713812788272e+00,-1.302759534895477467e+00,4.464029386787046749e-01,-2.150477274204602551e+00,1.406675342525591343e+00,-2.614352919751200766e+00,-6.495229055004117513e-02,3.308316441239405048e-01,5.390734637137319041e+00,7.746386032885910211e-01,-2.052103488851589663e+00,1.353996548434312386e+00,5.861476060751033224e+00,-2.350390241705220706e+00,4.077513184479315989e+00,3.484664523216570942e+00
56051,3.733398242835245640e+01,-2.236045992840442764e+01,3.357431258661912832e+00,1.499176901471681411e+01,1.010512077427756950e+01,1.201317532516683606e+01,3.910552437025945238e+00,2.350198480831975800e+00,2.226478927609241598e+00,3.896086016743507408e+00,3.844775337355975431e+00,-4.045075783487391163e+00,7.846506804399276724e+00,-5.464998460948035763e+00,5.645680160467463793e+00,4.266952464471225781e+00,-2.863795237734301224e+00,-1.686546923027227418e+00,3.910815028431311902e+00,2.577852281782298416e+00,1.099168071906243105e+00,-2.104305129106761596e-01,1.471174203404817193e+00,-1.635028400323425890e+00,1.777823847869509422e+00,3.627893679795560988e+00,-2.331320412551763699e+00,4.636979269770354684e+00,-1.698881554994427223e-01,-6.383123803806878271e-01,9.127566731106275810e-01,-1.235706262371373487e+00,-1.090805969395597375e+00,3.237932306902226998e+00,3.765922506481288234e+00,6.473862068678914561e+00,3.861593139290469545e-01,9.281691936760825268e-01,-1.736136757311372625e+00,-4.350085722426769941e+00,-3.631500439763524907e-02,4.562433833936148098e+00,3.981061337173914971e+00,2.486643727358108347e+00,7.979627181580116746e-01,3.115139630145027816e+00,1.756592873325743653e+00,-1.364804882120844498e+00,-2.125655458649421625e+00,1.066083114535986809e+00,3.728052850644099969e+00,-4.786872131386664120e-01
59001,8.533937379941537671e+00,-7.193269410456983870e-01,-2.482241627522601135e+00,-1.013062462372793959e+00,-6.021657295277869082e+00,-3.371008134826268154e+00,2.567725520675093187e-03,-4.797587032514383232e+00,-1.263811254322536604e+00,-3.380630707772253274e+00,-2.062623882373958217e+00,-1.164985537049821440e+00,-8.662254629521720650e-01,4.867666417420218328e-01,-2.007867199512590073e+00,1.071517399271785520e-01,1.576056850488033234e+00,1.405095026009028913e+00,-1.761630574343012956e+00,-5.169837136362885888e-01,3.838311480742054638e+00,-2.177270924330833246e+00,-3.009444332149411760e+00,-1.236823032644071896e+00,-1.712856671931774821e+00,2.826978492353074301e+00,7.709532011459029333e-01,9.609602837425899047e-01,-1.726853760954453199e+00,2.057355188840697124e+00,2.730568242026851222e-01,-2.806670028595644073e+00,-1.438051769068460217e+00,1.000792533906773141e+00,7.214853414052891933e-01,3.619482650870149421e+00,8.463959364339006530e-01,1.791150154107707504e+00,1.507143937254601829e+00,3.540588225214507667e-01,1.864913753904354099e+00,5.319718039383175556e-01,-1.063018878246545285e+00,-9.467926259062617866e-01,-7.016628413748088322e-01,-2.194997824802522146e+00,1.022229843864104204e+00,-1.465754672498629452e+00,-1.484609311971242240e+00,1.798526662388951758e+00,-9.408625921033814121e-02,-6.899654471198729544e-01
61951,1.609069059668793500e+01,1.176434935692238248e+01,6.556810946370131177e+00,4.509135936802177724e+00,-5.620738575654216085e-01,-1.001741065735203939e+01,-1.160770696769845678e+01,-5.457033416405786319e+00,-6.462215248288351255e+00,3.408114381056281506e+00,3.190263121706338190e+00,-1.028566393195242679e+00,2.962872506495672020e+00,4.099012300726256330e-01,-4.401382710559370359e+00,1.334366317555285564e+00,-2.619287796736751162e+00,-3.301415699322270303e+00,-5.132289178772924565e+00,1.097849415519999372e+00,-2.421237977616442993e+00,7.055101162575141416e+00,1.977569196531216544e+00,-6.401153553128806628e-01,2.165875646910359720e+00,4.940339513322552278e+00,-9.482426964079224696e-01,-1.937683270451491691e+00,-6.460191470377407708e-03,-1.667049617416420215e+00,-1.323170137627695642e+00,-1.116880070139640635e+00,2.599005615461006613e+00,1.769363476524021372e+00,-8.482677456283805872e-01,4.885489866962106298e+00,1.735539642053347986e+00,-1.833099610913891120e-01,1.906246788623830346e+00,-2.022843073913164869e+00,2.067836003793710020e+00,1.289101645987420053e+00,-2.747176855556975050e-02,-1.744568386272587590e+00,1.647862628019811648e+00,5.317519023867390615e+00,-1.635729154262123008e-01,-2.016439698505702038e-01,2.697194281796894799e+00,-7.934981041986750583e-01,1.558040562146606689e+00,1.145410590988917399e+00
64901,4.566616822652937913e+01,1.983493424970471608e+01,3.720723932251612354e+00,-5.458552554985904415e+00,-1.069651840052992853e+01,-3.145978882842969782e+00,-9.698665060950434125e+00,-6.812664846660046791e+00,-3.585865742270121448e+00,-3.271389056291367226e+00,-1.167077015595780587e+01,-3.278924352199259040e+00,5.307178834762015462e+00,-2.142890415040537011e+00,1.982152990060126685e+00,-9.418589419545521091e-01,-5.624018625323298437e+00,9.427850696754305204e+00,-5.606179573154858709e+00,1.038352646365049425e+00,-3.995661618646390689e+00,4.892070628598625959e+00,6.488756627479711270e+00,1.956682088141705744e+00,1.659691769671221229e+00,5.334642001703951308e+00,6.104001827602469454e+00,1.948287342744437156e+00,2.944267779901060145e+00,6.400483988363570020e-01,-3.036189233820721256e+00,9.579114495071463509e-01,-1.928452244566811191e-01,4.097284799522934229e+00,-1.169467427267771420e+00,-2.716316944561159907e+00,9.097498534239916168e-01,3.775079402891769131e+00,-4.192265792917745926e-02,1.662899050609891516e+00,3.798073391815087518e+00,1.455318260271825315e+00,-4.971279523376724852e-01,-3.493970025619674402e+00,-3.053344308660083772e+00,-1.873687943825141367e-01,5.259831848821319156e+00,-4.117830486614635910e-01,2.523639563000760866e+00,3.208461660238642321e-01,1.257472659589923047e+00,4.283398143652004997e+00
67851,3.648199822316879448e+01,-1.942896370868201883e+00,-4.492623056673473059e+00,-1.459778308544700742e+01,-1.629688248290167607e+01,4.241143443623213827e+00,1.046064142094748384e+01,-6.236987988794084892e-01,-5.696672266903474835e+00,-3.498537373043945298e+00,-1.043425987918245923e+00,-7.501452880515497856e-01,8.814630699208916842e-02,6.560876207850906638e+00,-1.494544207637720001e+00,-3.062153563831208070e-01,8.362171069321627570e+00,4.774767162955846800e+00,-6.171033390418505959e+00,-1.340343021572907023e-01,4.370181022925377357e-01,2.609351151087628828e-01,7.244546498223274067e-02,-6.188820872952345731e+00,5.527662101345610424e+00,-1.410628659912158023e+00,4.708325718231156642e+00,-6.720902505440170316e+00,2.363965274388291071e-01,-5.364217486141927005e-02,-5.168454233415715748e-01,-5.526195450947694709e+00,-1.412458545233079787e+00,3.296141324639119574e+00,2.331173480682151133e+00,3.102009946425202003e+00,-7.944320316585206099e-01,3.502561851539095716e+00,5.045023082126047775e-01,-3.022821785517278315e+00,1.713270895442226882e+00,-1.407310122745918102e-01,2.374197348935739083e+00,2.643760921949079301e-01,-2.516678308033207578e+00,-2.760669897042295595e+00,-1.730222419417525526e+00,8.842253675142641711e-01,-4.643642248839539022e+00,2.085885183260199671e+00,7.857068195832418667e+00,-1.919649618332909480e+00
70801,1.248658794652593151e+01,-5.877244266491233660e+00,-4.299101337826660263e+00,4.981006014460422016e+00,-1.502581451950428526e-01,-4.430052796798846781e-01,-3.702587760475421153e+00,1.472840593563446987e+00,9.188457041022433103e-01,-7.396264881752290243e-01,-3.461219405449216691e+00,3.866737473262249480e-01,3.217110609299949520e+00,-2.101600770404452589e+00,1.429574082572699689e+00,1.304768259649716100e+00,-1.931989080868226294e+00,-1.193484478472402799e+00,1.813012069229531509e-01,1.867438419430216268e+00,-3.975078122527121671e+00,6.178416312918293407e-01,7.581707993416233471e-01,-1.693744737140871814e+00,4.429748653234977240e+00,-2.929168590323733223e+00,-8.126870421603098193e-02,-3.923410380643962636e+00,-6.795074149022083398e-01,-1.481372234814148481e+00,-1.304818836928440529e-01,-1.114512818843776676e-01,3.926643475293349894e-01,1.891398723060530473e+00,9.610610713827030249e-01,3.866665837385348414e+00,-2.304309308231173858e+00,-9.566921888932522489e-01,-3.333194410077111591e+00,2.193008614265967160e-01,-3.744240223615983965e+00,-1.781274889168025455e+00,1.464464076676729176e+00,-4.162589194048941371e-03,3.114464352780798695e+00,1.051938312054324920e-01,-3.406368442939028629e+00,1.934473590207471005e+00,1.363436224696344068e+00,6.192907985987154973e-01,-4.544473681517455232e-01,-1.789086758669500843e-01
73751,9.097342172202925070e+00,2.957501716968842231e+00,8.566087663524829532e-01,5.958070777606879531e+00,7.454107481098153076e-02,-2.508967777189251791e+00,-6.360492749967385784e-01,1.087628699694345169e+00,-4.539382083149858360e+00,3.535422283145460143e-01,1.406978786681336135e+00,-2.077901897907105333e+00,7.949583302933913576e-01,3.407095397184225050e+00,1.748359403218851416e+00,-1.879329011547644868e+00,3.262936585692820302e+00,2.704425528855033622e+00,2.176070995815912457e-01,1.088947218456731481e+00,-6.729884290157760462e-01,-4.479156596896352482e+00,1.305500890853065865e+00,3.703981597215522559e+00,3.386761776596742407e-02,4.057819656129830754e-01,3.593235664976825117e+00,3.584401937530522275e+00,3.109671122182938063e+00,-8.152799110285573470e-01,1.845857574338100715e+00,2.427695417658845223e+00,-1.053566216371839781e+00,-2.587351648781708313e+00,-1.004518888087372330e+00,-6.524122082054302219e-01,-1.832009432998947140e+00,-2.454758986084564221e+00,-2.133085043680275739e+00,-2.242450940988772956e+00,1.334180243979708802e+00,-1.255395222734320360e+00,1.903143544723603919e-01,1.520199731388404141e+00,-5.887584245672590200e-01,-4.361022236260054252e-01,-2.790952667596625220e-02,6.832561869412854261e-01,-2.376303116288057904e+00,4.305448029159793522e-01,1.588240013281117635e+00,-9.017830407865822240e-01
76701,6.560659937979804113e+01,-1.299790847047368203e+01,-8.058554112036130590e+00,-3.260083821033578744e+01,-7.701867060282884481e+00,-1.905019472333663799e+01,-3.732897353490687742e+00,-1.147389944233755443e+01,5.110075956206312497e+00,-1.926772914505412215e+00,-3.109869509106024221e+00,-5.212737278928405438e-01,3.652665315591975936e+00,9.704973421198170414e+00,5.097344080730662697e+00,3.001141379265301889e-01,-5.477787545204591879e+00,4.190272936062024556e+00,4.296613825210907400e+00,-2.208176042400685213e-01,-6.154104243332231050e+00,1.985892685459327733e+00,-8.710397927757320691e-01,5.635306338830377015e+00,-3.974514410520010088e+00,-4.550052436226390107e+00,-6.046382805510490677e+00,-2.790033078575442360e+00,-6.945570924717545669e-01,-6.416706693063912503e+00,-2.025342020644897989e+00,-1.154996146807083734e+00,-4.244653914727624100e-01,2.193289500075800369e+00,-7.849449085949883553e+00,5.905943075686671762e+00,-6.028103843358339375e+00,1.003749236664577049e+00,-5.278214912639823453e+00,-1.716825691342046323e+00,-2.929473757173971737e+00,-7.404636864259481754e-01,1.515984472946557693e-01,1.502711267628600744e+00,-4.770688009249636208e-01,-1.362503234957461284e+00,-9.436388962804342917e-01,-6.386651358752179597e+00,2.612030200073810704e+00,5.895201487036747512e-01,5.443395256051262621e+00,-4.029809270094286688e+00
79651,6.075799988878961777e+00,5.170975401831843676e+00,-9.172034443871828202e+00,2.310556025875854846e+00,7.112650852183482364e+00,-9.805695198359646314e-01,1.870354656970180995e+00,-8.671743311911437324e-01,-1.890608189959465335e+00,3.004881367104159096e-01,-2.769975549999585507e+00,2.608304900944985683e+00,-2.531622829262872854e-01,4.633093750299475122e-01,6.940664655172023023e-01,2.855693615225113113e+00,2.511305251211305434e-01,1.287986193982088690e+00,6.154121870362501134e-01,-1.564957221344340788e+00,1.857497539637974204e-02,-9.383385431309217983e-01,-6.402954238757025962e-01,1.730673215848579360e-01,5.105561335351839203e-01,-1.919374001346931369e+00,3.937905171782172697e+00,-1.866829939939663729e+00,-6.151421654356005186e-01,5.693145641925175804e-01,-2.027020577560721737e+00,1.928326644225584474e-01,-2.115131847351379601e+00,-1.251842753780565642e+00,-1.486687263913477608e+00,-1.002163192393730196e+00,1.544042732702545884e+00,1.882291413275039016e+00,9.012499540635627859e-01,3.113511129431439706e+00,7.082522854866211137e-01,1.072236440929747181e-01,5.006356964589304681e-01,-1.316462432939323746e+00,3.270559956509334620e-01,2.945626455598470361e+00,-2.350432921814298748e+00,-2.301989077484480617e-01,4.780032968334112509e-01,5.923228815172358885e-01,3.548674150302262853e-01,1.637699813582501607e+00
82601,3.815381605702600210e-01,3.808218722581643290e-01,4.001302255125681606e-01,-1.111776483987288039e-01,4.842618427429331435e-02,-6.160954860136011457e-02,-2.022620432638899124e-01,-1.859654552426439067e-01,1.111795962274993166e-01,-3.314516395280728833e-01,-2.918258247945578199e-01,1.122772154476693041e-01,2.157801200251614412e-02,-2.117470184612888773e-01,1.043653822480589272e-01,1.912816951371556773e-01,-2.728382328777013699e-01,7.064783086819617641e-02,2.193426014760378739e-01,-1.031174358636166161e-01,-2.598875136990181911e-01,-1.459277303286810323e-01,-4.011223880004917142e-01,-1.483676608596649904e-01,1.966041231924295363e-02,3.474417909552781070e-01,-9.515707396222882614e-03,-8.946647163770231337e-02,-1.349515244510787471e-01,3.749269847498010871e-02,-1.563584694264493619e-02,2.132368169210054065e-01,-5.875340616733053939e-02,-2.094380292425824727e-02,-1.923987326439370593e-02,-1.451809616421373961e-01,-6.265737041026747667e-02,1.753882967849252073e-01,2.389199801034660453e-01,1.195573068079215096e-01,2.112482576619484353e-01,4.576007454748381303e-03,-9.141205595962450733e-03,7.466753696151037789e-02,6.582195957478698643e-03,2.212311063427204183e-01,5.581933112447372974e-02,-1.562513567291191341e-01,-1.280301941116052389e-01,-1.917520403660324946e-01,-6.070096703190921983e-02,-8.950969569886997601e-02
85551,1.328702038197888058e+01,-1.698211138846786028e+01,-4.316369754020129790e+00,-5.340626276830204411e+00,3.487269489829790015e+00,-1.399911906780334370e+01,-1.313619136451216862e+00,6.601615067816203331e-01,1.305757813509223819e+00,-3.541711616641427085e+00,-2.321127302110678414e+00,6.111779240501632238e+00,-4.410631331750072270e+00,2.529994062338636329e+00,6.748328811273006655e-01,-6.775660111859520107e+00,1.554726430536295778e+00,-1.801776113035240767e+00,6.404753873094217731e+00,3.369378603248340376e+00,-6.697860545622689621e+00,6.169286220622387518e+00,-1.019315706266179511e-01,3.149475542614925683e-01,1.803300070011934597e+00,8.537893892280036257e-01,-4.255703752024020403e+00,5.802034990344229204e-01,-1.748916386570876336e+00,-3.886788518690680316e+00,-3.066144036397495221e+00,2.917617118359887574e-01,6.911010054331921948e-01,-3.392611364597653556e-01,-7.679258367551522468e-01,-1.176770245290637007e+00,1.365752931226630329e+00,2.928542434381992354e+00,-3.282906773027987946e+00,-2.363074131762298302e-01,-2.564714006715480554e+00,-1.031303501740319595e+00,2.266569012003943229e+00,8.498430955401463649e-01,1.659177107527060713e+00,-4.508824192563432587e-01,-2.918840244200176404e+00,-1.829770824361039772e+00,-3.895541308614271170e+00,-1.081801137287357495e+00,-1.366460362414556817e+00,3.090264268527190161e+00
88501,6.272790237586441719e+00,1.830391397788216912e+00,1.578011029302852503e-02,-3.010661890685289999e-02,-1.603860948541320441e+00,5.299230984610143746e-01,5.185023334372264037e-01,2.708855471226928824e+00,-2.028346173549247400e+00,1.408630160405068610e+00,1.688831534206749474e-01,-8.681370718938624664e-02,-3.576111374350938732e-01,3.672748699996660759e-01,-2.403437971208982393e+00,-1.300787147787171166e-02,2.287240395834386320e+00,2.319285537258017005e+00,-4.843915367138170169e-01,-8.165309986545566945e-01,-9.944669521415010482e-01,-1.091604654252233297e+00,-4.971318863321180892e+00,8.185867329746889798e-01,1.118268653325170225e+00,-1.681457562547036932e+00,-6.143159159233612110e-01,-3.559627685215115411e-01,6.682163018792290465e+00,-2.935249713122751736e+00,-2.026177704862893503e+00,1.355260283641281482e+00,4.120248755930042694e-01,-7.338475037167460080e-01,1.854574517016109869e+00,-9.055796725476715769e-01,4.321707929868363052e-01,5.338022111169857808e-01,7.277796308206001541e-01,-1.542877280847668509e+00,9.216712356105948301e-01,2.741927371223094045e+00,7.710815533658098575e-01,-4.454909537609296200e-01,-1.854344876248662066e+00,-6.808609349353963447e-01,-3.103440489162218707e+00,-2.713147334984852277e-01,-1.052381480069025876e+00,2.242899647771575466e+00,-2.029374377005768171e+00,-6.014187008366917997e-01
91451,7.706784454081948788e+00,2.610746592107635600e+00,1.769846948575585888e+00,3.778910145582426772e+00,-4.752771855112268573e-02,7.410925666707015580e-01,6.708554784593276921e-01,1.155992866509621741e+00,-2.089312097353701325e-01,1.037437035892419646e+00,9.293244086809340221e-01,1.030776051624050504e+00,1.347212286492070143e+00,1.571852895513496717e+00,5.682179543724295012e-01,-1.511290061393281814e+00,3.471286305872312572e-01,1.480341558740875030e+00,2.650711614381660586e-01,-1.942595401377656683e-01,-5.662579758580745803e-01,-1.566333508935678687e+00,-7.397402930292079626e-01,1.397341665236514707e+00,-3.364932558418304853e-01,9.855631454282730575e-01,-1.668880274022358223e-01,-8.602492794388779673e-01,-5.264481190915705211e-01,-3.547141797296560206e-02,5.471396880908137306e-02,2.972273790954791939e-01,-5.585465551086385982e-01,-5.982652931908477578e-01,-1.173321649208057149e+00,-1.647478143713521748e+00,5.292377544145309143e-01,-7.560567041519754561e-01,-1.391367064122451813e+00,8.382378012151210367e-01,-4.996955483382256591e-01,3.310080305630148656e-01,-1.439368276772565958e+00,-1.030182232511737406e-01,-7.584593107199376627e-01,-4.397568859286442033e-01,4.592085853039276633e-01,-1.626534429643686774e+00,-1.554313344528369389e-01,-1.390521398653962043e-02,-4.108391283557644713e-01,-1.887022095482489670e+00
94401,3.273270232575260508e+00,7.014948269381980905e-01,6.085308874642558763e-01,2.480630336388817136e-01,-1.044036168613144966e+00,-5.010831908283095437e-01,-8.986542019507086365e-02,8.529141096174518155e-02,-1.551697413595502173e+00,-8.543133941312386348e-01,4.315832781584859057e-01,1.147689825968568389e+00,2.273896932924610592e-01,1.317301739098609425e-01,7.670635287849462136e-01,-1.080520652214412847e+00,-1.061741628829133477e+00,8.238541828813430445e-01,-1.141277247644105319e+00,2.300520047622924003e-01,9.979976040619472633e-01,3.709174646409985066e-01,-3.923329610390377531e-01,1.141687671625983169e+00,5.224445837105005097e-01,1.337372741324789560e+00,-1.787730465267768354e-01,7.771635138026693479e-01,-2.269009569343957422e-01,1.270931639506493127e+00,6.729933257087473697e-01,1.477571668309267228e+00,-9.587215565316139013e-03,-2.373784775637660382e-01,-8.263514823436211021e-01,2.916036407256383800e-01,-7.042808362160141167e-02,1.168506977533490421e+00,-3.832514181401996956e-01,-9.478984064420680200e-01,4.363786591646157675e-01,1.956576168102850122e-01,-5.354353768940671721e-01,5.549459521735142786e-01,5.602368127543483345e-01,-1.272819233438357234e+00,2.759084925465122087e-02,1.000015904633497099e+00,-3.971422162628240327e-01,1.101263254525505220e-01,-4.195605244296031211e-01,-1.707008498095104188e-01
97351,1.009647199618772895e+01,4.851453275554663769e+00,1.625988141126555764e+00,2.919248664972126317e+00,-3.949092255045044020e+00,-6.110615874092008681e+00,-1.517446060938627772e+00,2.944588110198946840e+00,2.754500035847091244e+00,3.850614175081836343e+00,5.970494807744719523e-01,-6.093077704980902620e-01,1.898452243680345486e+00,-1.865811674857206448e+00,2.039562472501641466e+00,5.269544093605576407e+00,4.834021808806418186e+00,-1.377744501404619681e+00,1.177759792246279025e+00,4.792024673058956630e-01,2.369179646940922979e+00,-4.127589767334782778e-01,2.620493349162701158e+00,-6.414685825827884935e-01,-6.102089266760976072e-01,2.182992254004002319e+00,-1.019125020706990847e+00,-4.668555684805110850e+00,-1.720262566161379736e+00,-1.612822460589401041e+00,1.833752211537847510e+00,-2.871519151862164776e+00,1.142098682678108101e+00,2.670645391073057429e+00,-8.530067471601835427e-01,-1.156433408150679076e+00,-2.255038845963708294e+00,1.301352378795531228e+00,1.620692133895976994e+00,1.922599674444731566e+00,-3.073669499665105942e-01,6.300881660533365070e-01,3.236995381660796034e-01,-1.583195637435435899e+00,-2.859483933702036129e+00,-2.198311745254209804e+00,5.667692471197698367e-01,-5.378907275811460886e-01,-5.376034648772807234e-01,-2.322980534950512599e+00,2.427036317863604520e+00,-6.665205620254583962e-01
100301,1.854883913577143062e+01,1.344193853066139788e+01,8.102425224824113315e+00,7.979632587578537439e+00,4.343979900137187045e+00,-1.085412278069413006e+01,3.441617359695591905e+00,1.494115254674427407e+00,4.449860840317803934e+00,4.126063911635874604e+00,1.168049877114571977e+00,1.060558038615751375e+00,-3.648754429545061129e+00,5.295611629262555020e+00,2.611101538434417169e-01,2.348716077276875147e+00,-5.250020197929418764e+00,1.702330171776268219e+00,-7.518335094039296784e-01,-8.602446933032554810e-01,-3.116622596508397791e+00,-3.061998877346017167e+00,2.218845911930653614e+00,2.142329652622836367e+00,5.266205816947919782e-01,1.063085471866841658e+00,3.386530338278517238e+00,2.609270116652374405e+00,-2.505504870140998985e+00,-2.483224566834207003e+00,2.437388030299536990e+00,-1.736068845114252968e+00,5.911766715514348292e-01,-1.101575753309633310e+00,4.948000243350747951e+00,2.268813697020977127e+00,3.921850023368925187e-01,-2.423346827365926437e+00,1.128423211965936979e+00,-1.863210324741054524e+00,-2.471027191509263421e+00,3.049941190283065318e-01,1.551434517227978205e+00,4.986825920519452282e+00,-5.043841819087299116e-01,-4.753368133074229895e+00,-1.846310869710221514e+00,3.838841478210411329e-01,1.464263230107453850e+00,1.664258443142057953e+00,-1.085684353964844195e+00,-7.163547493237922836e-01
103251,2.444883306405597168e+01,1.091786942706098706e+01,-1.236204407251393578e+00,1.667091323306454931e-02,-8.992291799972880639e+00,2.160460751937776980e+00,-5.230240398945404046e+00,2.848039382984667522e+00,4.711218207756204812e+00,6.338243439785703259e+00,-4.385034597082795749e+00,3.721230778387258908e-01,2.941844279759565861e+00,2.890164616801009778e+00,-2.287126835342130349e+00,-1.408217491613587224e+00,6.859969379928182676e+00,-6.774444460759884379e+00,1.881187546735705762e+00,-6.773263704353905679e-01,2.139668578263780319e+00,4.336776331349224911e+00,1.952236321996318136e+00,1.680752256420896762e+00,1.272971726454396268e+00,-1.393341485870453145e+00,3.126069622648016910e+00,3.238948387094711556e+00,-4.568506391694500124e-01,-2.992031963324001786e+00,-2.574917205249778629e+00,1.035315474707261485e+00,1.855555368645312564e+00,6.060953589315026813e-01,5.277639550152085635e-01,5.703714499346451694e-01,2.144446193169099679e+00,-3.782300055939061156e+00,-1.749740813724311339e+00,-5.382259548123236037e+00,7.353964487773229086e-02,-1.719553719703528660e+00,-4.147964639298569622e+00,-1.170133533880644450e+00,2.626184101932633297e+00,2.909136769566019964e+00,4.381561248176571333e+00,-2.441169072207631796e+00,7.630049720898316457e-01,-8.892436240710648310e-01,-5.418861590626931068e+00,-2.602407974768620402e+00
106201,1.901401182360157094e+01,3.623533028960829849e+00,-9.059828848849779348e+00,3.090635583305527234e+00,-7.911767209876495066e+00,-3.573822657546168458e+00,3.300045800989554134e+00,3.283873510072144342e+00,-9.404680754813629084e-01,3.779354655558857523e+00,1.526956995731562294e+00,4.968587956108468262e+00,1.350602026290572466e+00,-1.887937559204285076e+00,-6.241537749216442776e+00,6.905188082571475094e-01,-4.390206883358103718e-01,-5.459760821610459836e+00,-5.068460908636298612e-01,1.322561518447226137e+00,-1.128103072742764112e+00,-2.230310411027121020e+00,1.749646461735731240e+00,-5.758567124246534163e-01,-5.506618711531560129e-01,-1.751282155765068627e+00,-6.867506860691193760e-01,9.043851710869378613e-02,-2.780262719736110721e+00,2.061879101917700297e+00,-1.222684853119756054e+00,-2.478545066844528133e+00,3.030880490889141798e-01,1.878832354894225398e+00,4.897514355172732370e-01,-2.240757590494955487e+00,1.051610729747005646e+00,1.355538222355025857e+00,1.873912731650809294e+00,-1.073812770248821824e+00,-6.362692744722505678e-01,-6.427803259480013853e-01,-1.209976151160530700e+00,-4.406665985100866600e-01,2.098671439639313352e+00,-2.440321778976582756e+00,8.757685012794292900e-01,-2.892758271016012891e-02,-1.043145105142073703e+00,-3.981122425184361879e-01,1.361217546234073872e+00,1.631470821068583987e+00
109151,8.362307792418732788e+00,-1.023347390960099190e+01,1.292514658767908164e+00,-2.267627877868397590e+00,9.030201977608919961e+00,-3.291147363627636158e-01,4.681970575088528541e+00,2.554072176806494454e+00,6.220527419592698948e+00,4.389174321340234997e+00,1.178088869813120443e+00,-5.568896612550656711e-01,7.527032818814322290e+00,-5.521670237072656029e+00,-3.435187619017039840e+00,1.305720280042992565e+00,2.487823095763568304e+00,3.626831791080594058e+00,-1.725650187525576751e+00,8.251989536157564586e+00,-3.561320937555473964e+00,2.234652606200983271e+00,1.211504921751938912e+00,-4.307471096845930880e+00,3.539547909165289941e+00,4.251894489090571660e+00,1.547340920259896668e+00,1.821568768610772215e+00,4.901668649897362506e+00,5.645663324805635597e+00,3.214463017326287808e-01,3.643743839071122537e+00,3.258904093091909426e-01,3.998806367122491601e+00,-2.082892057917558049e-01,2.315830041894408442e+00,1.973762880203900005e+00,-1.529372509033957162e+00,3.365984262535175020e+00,3.798375413295792757e+00,6.986555408147570034e-01,-2.136691439083239885e+00,-1.529696361489362388e+00,-2.626966711883925498e+00,3.288900601562410930e+00,2.523314576842293544e+00,3.603695266505803074e-01,8.633801843540866994e-02,-2.139093773401147036e+00,3.887516594113626489e+00,2.218133089534298552e+00,-3.347697671862339686e+00
112101,9.502040667976483235e+01,2.003059404750125694e+01,3.314491808308081744e+01,-3.313379916291694371e+01,2.612224729674412416e+01,6.301272573198629878e+00,3.371361714660900066e+00,1.496128072250812657e+01,-1.866090064769477763e+01,-1.572217111939715828e+01,-9.437954879578825285e+00,-1.915554033723298577e+00,-1.311117903824484188e+01,-1.590714327456039889e+01,-3.428504768346698928e+00,1.250700699697597607e+01,-1.573511989026357138e+00,-3.809321627039828906e-01,1.073144643200556914e+01,1.440962649221020975e+01,-4.541368152708222361e+00,-2.618922948699480724e+00,-2.236772656616515143e+00,-1.182432443076226924e+01,-2.750516840124300533e+00,-1.356018253414035790e+01,4.055476966696190289e+00,1.064222927710611977e+01,7.860882722981489545e-02,1.759672512932385802e+00,6.418190910676554672e+00,-1.904487414028085190e+00,-4.373321265061728802e+00,-1.556561630493203952e+00,-1.430960284464320331e+00,-9.185280333473581749e+00,-3.595470273494117297e+00,-1.061857447565256685e+00,-4.693312731418518347e+00,4.729997105771255761e+00,-1.198521590009312021e+00,-6.051032920767671186e+00,-7.943810908021415873e-01,-3.484389597095221447e+00,-4.162674572596937184e-01,-1.169452554953920975e+00,-2.415804845070766760e+00,2.889783597573096774e+00,-7.613352997077059925e+00,2.144710002812884486e+00,6.548693127697462479e-01,-4.361675991817470788e+00
115051,1.080464331550816226e+01,-1.471186817344511510e+00,-2.453207613274062948e-01,1.090417207870298633e+01,-3.608005272296635813e+00,-1.090767322440942655e+00,-2.751002090014158519e+00,1.132353806746081881e+00,1.028825791207527374e+00,-3.085410271617373468e+00,-5.169363091972529745e-01,-3.104530627974892099e+00,6.278466941591566430e-02,2.752608050354496960e+00,-1.645489688372141268e+00,3.738640666109886990e+00,2.879549729699822702e+00,2.741648565736506615e+00,-5.649918128226285585e-01,1.384857983048357388e+00,1.872954780683073528e+00,-5.612712990138010172e-01,-2.402684637138408963e+00,4.311631028016288947e-01,-1.443369703455977149e+00,-1.751887615711902546e+00,-4.346364487642928043e-01,2.019603468319411732e+00,3.804995001997923953e-01,1.289274859597116851e+00,-9.876070468647697442e-01,-1.877799616534285565e-01,-7.127008291005970664e-01,1.421800724566565144e+00,-1.018348108326066370e+00,1.188143536790412735e+00,-2.752575879885142962e-01,-2.717373614857710784e+00,-1.377519384373553812e+00,9.676695144977345286e-01,-1.044513156286856148e+00,1.971914290427055239e+00,-3.439076679008126192e-01,-1.367035650379878620e+00,-1.255166735591838112e+00,2.901262667608993651e-01,-2.417137251944052156e+00,5.781287349353605443e-01,1.113663048251215759e+00,-1.063027636745918159e+00,-5.973484268063994351e-01,-5.036955771202347720e-03
118001,4.175585296653864731e+01,7.371314326752049340e+00,-3.503544521433025416e+00,-4.343125041322219992e+00,-1.310342321206001159e+01,-8.412039838341553999e-01,-1.502992239782201533e+00,-4.164287306262116850e+00,-6.788502518940330965e+00,3.467887073929623476e+00,2.574588736473148121e+00,-3.351424675113923723e-01,5.324279943511085023e+00,5.053723133634780318e+00,5.844046358296010268e+00,-5.965053914288061421e+00,8.946690180074567955e-01,1.427349273154028930e+00,-2.606468621418845943e-01,4.276369242322143549e+00,3.963512025061139532e+00,-4.893994314571802562e+00,-1.039416897574753917e-01,-1.759555937662517611e+00,5.662103385954002643e-01,-7.250583842022490622e+00,1.193416775884795200e+01,1.936309513073251054e+00,1.600636467815327757e+00,-4.779621621603938886e-01,-1.515431087898281959e+00,2.298820451251207597e+00,1.822226740615946694e+00,-3.410760626423848585e+00,-1.973393464637518413e+00,-9.653187177096569371e-01,-1.124833670258216678e+00,-3.511831672220053768e-01,2.360598792031193827e-01,1.441596072247334215e+00,-1.317086072479133119e+00,-4.587646995799747884e+00,6.239793503807916641e-01,-2.257637813114904635e+00,2.576102156719421998e+00,-6.535157984560756583e-01,-1.145145486301096360e+00,8.999615260065083611e-01,-9.995500160372152720e-01,-7.017529229621223275e-01,-5.685234544448842797e-01,1.146043579047282268e+00
120951,1.132028774091277512e+01,-1.163951613070864477e+00,6.188303046256785622e-01,8.353159615140315353e+00,1.840184035928087214e+00,3.221686134446984262e+00,5.076740402105057726e+00,-1.684099391997752049e-01,1.466572351133382524e-01,-3.119240158391512363e+00,-1.192709249301647123e+00,-6.584203682095692844e-01,4.457921581814749956e+00,-4.064286381117457325e-01,1.137612757818438292e+00,2.475783813414116352e+00,4.509625889012339184e-01,3.204676146983068907e+00,1.299408468620993240e+00,4.456055997468287622e+00,-1.992374629155246046e-01,-2.125998593703759987e+00,2.010918029820225161e+00,-2.084003987036709304e+00,-1.709680370990370069e+00,-2.562102739484669822e+00,7.853162100357591324e-01,2.276186205647732497e-01,-3.974470617222408464e+00,-2.866353961566594499e-01,-1.712353358085755950e+00,1.641964892571591061e+00,3.087103040079089311e+00,1.857020000709380114e-01,1.019934024192267419e+00,9.111194953715301414e-01,1.283578663332418657e-01,2.739725780896725027e+00,-3.479406258663202134e-02,-1.355347995898690261e+00,-2.344882244215807376e-01,3.355685916258163703e-01,2.479834616149854121e+00,5.804031888072551382e-02,-6.221030499010514747e-01,2.787033911971484201e+00,1.230880316721025380e+00,2.793566275123924303e-01,-2.047178034218366527e+00,-2.414175555827419384e+00,-7.229047435108550967e-01,1.772260504289343785e+00
123901,4.997933792474453440e+01,-1.616003432721772626e+01,3.886865907789053942e+00,7.610486668150699963e+00,9.231320629469639272e+00,1.016627651051074466e+01,5.888280995515140503e+00,1.412195709360253559e+01,-3.298469812657306655e+00,1.043865427649942035e+01,9.759695820208744266e+00,1.802763563821183634e+00,-3.810651134325813150e+00,-8.520358778875879224e+00,1.274386776078740846e-01,4.018251262649465971e+00,6.312302725174993689e+00,-1.106095857917780423e+00,3.939215150003820831e+00,-2.238777798363046578e+00,2.363966541139817412e+00,-1.410530663894478121e+00,-5.863807467466978451e+00,-6.146991867489652428e+00,2.670030044671954705e+00,-3.885153718407129420e-01,-3.876238274427538322e+00,8.045332529288868884e+00,-2.865575542153770527e+00,-7.432692047996389384e+00,-2.289311694743911385e+00,1.136549442242524161e-01,1.956088681691831477e+00,-7.355145018865387740e-01,-2.918427986781076289e+00,6.793176930760004284e-01,-1.754159603506955767e+00,7.164244310865862664e-01,-4.981367240535764518e-01,-1.308979783813894571e+00,-9.377759608425963178e-02,-5.735786925764127631e+00,-2.361127608961765212e+00,-4.603277245194599132e+00,-2.732802903919909543e+00,-5.672317583842343414e-01,8.365353100865908775e-01,-2.096340569973650592e+00,1.907119470781323267e+00,-5.119535331648733534e-01,-4.730019552656210990e+00,2.807882197075699082e+00
126851,2.726304019433917603e+01,-2.053637384706560454e+01,-6.572125395262371050e+00,-6.850062049356916427e-01,-3.318256675322083904e+00,-1.070308522814701924e+01,-6.285118910839033290e+00,3.569438472105294302e+00,5.287649061065693434e-01,-5.966242143046319057e+00,-2.444956016496465434e+00,4.706513529451246569e+00,-5.621896929470926452e-01,-3.258212000914785467e+00,-7.728996394586031826e-01,-4.374851362112886832e+00,1.245477639601345748e-01,-3.923931106366025823e+00,-5.980429916280093572e+00,4.706049037679431168e-01,-2.198762028314797945e+00,2.842382869295859038e+00,-5.487920584775249466e+00,-1.498395563410953368e+00,-1.365232348093708525e+00,2.915911097019262321e+00,-6.893978845394361787e-01,-3.697017040137247079e+00,-3.619637081858814831e+00,4.235063660880748593e+00,-2.746416073563057836e+00,-1.570551777062351828e+00,-1.538856615782016046e+00,-2.268636143434354935e+00,2.698090551560444528e+00,-6.994376373289549198e-01,-1.442522626563666144e+00,-2.921313398728121236e+00,-5.055404531695538495e+00,9.920855647037337688e-01,3.953371241436945738e+00,-3.145890716148044830e-01,3.928104930612521528e-01,-1.810057042931340343e-01,8.845109601463020388e-01,-2.333639140074552198e+00,4.384563152341935388e-01,2.671763312997390116e+00,-2.008585149066248299e+00,-7.755500674061511779e-01,-3.550048066560572479e+00,3.151818709836514021e+00
129801,8.431797526751369176e+00,-8.895752613526262564e+00,-2.412131240292938739e-01,2.657972758849054706e+00,4.534303506120846983e-01,1.118990895708022348e+00,-2.168506664059179467e+00,1.427935083285655882e+00,6.989480103881202666e-01,-1.113674708222633036e+00,1.949835749845879040e-01,-1.138340395193780497e+00,-2.695469754753935465e+00,-2.928314372050403680e+00,1.093783982348900841e+00,3.595979712815231988e+00,-3.884252094246263276e+00,2.653356025189748557e+00,-3.073458071475140496e+00,4.823545443314066761e-01,2.027386631457084309e+00,-1.274873021781164795e+00,2.163686847866665097e+00,-1.591799010781567159e+00,-1.872994529578836165e+00,-1.105793641991287268e+00,6.248333484131570748e-01,-1.265910588746588683e+00,2.365182594291902474e-01,-2.631396003488378099e+00,5.139477539739828460e-01,5.506036769028376243e-01,1.626951502805227268e+00,-1.041562332485600040e+00,-4.516576368990836143e-01,-1.299937213591862983e+00,6.854315392135026386e-01,1.775079950111613014e+00,2.552949362262802779e+00,2.558275512339464264e+00,-3.175744714114326683e+00,7.934680672096560139e-01,-4.351737088803201203e+00,2.536924878485048995e-01,2.038562896494008125e+00,-2.081785646631374664e+00,1.514166659501642309e-01,1.862750939766029123e+00,1.484844049434109525e+00,-4.540285290074135283e-01,5.845476697497616891e-01,-5.068222834075229999e-01
132751,6.021309185631716687e+00,-1.296618384310623151e+00,-2.396952413365697421e+00,3.405031285333683488e+00,-7.683672464371440469e-01,2.185581604415221535e-01,4.436796965384807834e+00,4.886026843270986908e-01,-6.423847238946166494e-01,6.930864929777082184e-02,-1.432692924792340783e+00,-8.353705264884239701e-02,1.626361855805284584e+00,-7.302872525500416767e-01,-1.023019596461101299e+00,-1.119697484679135879e+00,-3.451314303435882302e-01,1.140123385293327768e-01,-7.139269793427647226e-01,-7.421187966522273527e-01,-2.772740235718264667e+00,-6.859627545870043974e-01,1.472347355427035209e+00,-9.473925568395323571e-02,3.003041520638330741e+00,-1.997679250991716948e+00,-7.887403748147026050e-01,1.757053055791342855e+00,-9.964241973559878618e-01,-9.396055047830412787e-01,-1.299345615021959111e+00,5.954048823524842327e-01,2.125839375140603060e+00,-6.740744561539742108e-01,1.961936719139209195e+00,-1.847598380214643621e+00,4.157013201844750316e-03,3.804750593450334506e+00,1.837751768087962700e+00,-1.985504627337784933e-03,2.788035223987092026e-01,-4.817360420879372718e-02,-2.889439358150532322e-01,-1.029548294083869386e+00,-6.491407710292050881e-01,7.883264816819978149e-01,4.176663402242456469e-01,-3.597298086249068327e-01,-1.540585469989669276e-03,-1.330096219938643687e+00,-4.253199601919839257e-01,-8.258840530722796336e-01
135701,3.466339739873833814e+00,3.179158443602177364e+00,-7.587580055884779462e+00,-6.054431771656072492e-01,3.000458367734582410e+00,1.459001703109547687e+00,-1.170407752800479040e+00,-2.609541828884501147e+00,-2.568178094383447352e+00,3.456383095729535171e+00,-1.900199572483733945e+00,1.802621865151806446e+00,-4.373386573329478000e-01,-5.721731413597614946e-01,-1.585350411071090537e+00,-1.968650692538673475e-01,-7.635042023463595173e-01,6.044572188494701237e-01,1.288617792240483173e-01,2.568986342390300326e-02,-1.591745165037536935e+00,1.217819692269030973e+00,-9.200931138193327863e-01,-1.751032134109112182e+00,-3.914270501639173894e+00,1.969286198525526110e+00,9.183947878010515486e-01,-8.006294238550677456e-01,-4.650620208399290911e-01,-1.554376417593342996e+00,4.209348230311423578e+00,-1.002405546813720738e+00,2.491228442533425513e-01,2.062173690044445173e+00,-1.805418031515179544e+00,-2.311727831313084458e+00,-1.344432055387748681e-01,-1.074610225307867317e+00,-1.488583012364441460e+00,-4.632218567923178654e-01,-3.640565031618219760e-01,-8.923388855776348549e-01,-6.580727512587710715e-01,-2.012847751110030448e+00,-1.765223531009124103e-01,9.942632564202320555e-01,4.431994482659341594e-01,9.307233744616396631e-01,1.021047740686612970e+00,-1.182532552368771528e+00,2.238926815703924100e-01,-1.585216999341421573e+00
138651,8.697564584143679056e+00,-1.002232165268798880e+01,-1.399903017058168775e+00,4.370901132056384419e+00,8.958954287711798914e-01,-2.198584161087961064e+00,-1.058129186682105871e+00,3.655878345552561637e+00,1.699567375139956482e+00,-1.255016345039449366e+00,-3.499974161030184661e+00,-3.240601402026305866e+00,-2.053685858754703553e+00,-2.525940180448206451e+00,1.998043296286440063e+00,-1.701531403579298773e+00,-5.052354929716391219e+00,-1.215030522442030192e-01,7.594378418845156853e-01,4.940856423489790039e-01,9.145652242478316540e-02,7.322902411747823637e-01,5.139877877856325883e-01,-2.164848875346390422e-01,2.221370560375468095e+00,-2.203475236114608382e+00,-7.973150322152636749e-01,-1.836058642316241496e+00,-2.523875777861711356e+00,-2.068307380794298656e+00,-2.976638166261673657e-01,1.297559353389626358e+00,3.083204617353800803e-01,6.605020172330585693e-01,-1.130370039892286238e+00,-7.118000114345651719e-01,3.004188029160619333e+00,-1.754205928734016151e+00,-3.429287927034698313e+00,2.256432998925063771e+00,-1.818521178853457765e-01,4.827667684227808786e-01,-9.239590405448082633e-01,1.365217799290820988e+00,2.434746862847800397e+00,2.967224288459983095e-01,4.029008613934326188e-01,1.428818481805244067e+00,5.988150929006397227e-01,2.019444976235413580e-01,-1.506022495600293498e-01,3.525193793683750743e-01
141601,9.537318293034488192e+00,-3.094722681403212494e-01,2.523822161523908481e+00,5.143941149345063302e+00,-2.223324970919881238e+00,3.330834438885129867e+00,2.447211196932242316e+00,-4.051237777863790690e+00,2.179211524301160718e+00,1.354836445670928535e+00,1.343485945414732763e+00,1.996080547072846656e+00,-3.840604707747022672e+00,5.746243956197003566e-01,1.166964061958957188e+00,-1.780405072531948463e+00,5.002695579296325690e-01,1.209988748681556814e+00,-3.183341049334433404e+00,2.810559648467779725e-01,-4.417192097171991350e+00,-6.659667979229637325e-02,1.744562693794666774e+00,-2.538787278208543885e+00,3.657954822934444961e-02,-2.261909647675319213e-01,-2.214557397096851510e+00,4.380558627399174787e-01,6.172582898854253042e-01,1.213854410564135788e+00,1.454873658958883542e+00,1.601083995899879486e+00,-1.232969872032022352e+00,-1.274533966798470308e+00,-7.728616726456885022e-01,-5.405763265189411637e-01,-1.848418108467210663e+00,4.172341161364372386e-01,7.704690020664461958e-01,6.992465211641472056e-01,-2.367463100180451363e+00,6.684888737622449728e-01,-4.795997127052314957e-01,1.557109830495791769e+00,5.558459377013956759e-01,8.432692505498985414e-01,-1.214177560181436855e+00,3.292555785427074833e-01,-2.324529060516953738e+00,1.723175386822864308e+00,-7.020642945789578038e-01,-2.073134291157895159e+00
144551,9.498979912518016988e+00,1.404066321787879046e+00,2.577405632439860206e+00,6.124676705435611268e+00,-9.122502365868564445e-01,1.013721590968523989e+00,4.054987524284363598e-01,9.036081082666559405e-01,-1.685854454892061094e+00,-1.046842850489943189e+00,-8.744011982104232805e-01,1.109531628220802535e+00,1.007108415342536922e+00,3.570612081756878720e+00,-1.430246189968755077e+00,-2.350671870816523068e+00,1.461955481601379114e-01,-3.057865059272775743e-01,-1.728565757659980551e-01,2.551538313798675794e+00,2.304319967179993434e+00,4.330161488587392915e-01,1.007485370663451008e+00,-4.839897207486103525e-01,-4.316750270107813092e-01,-5.547382167355805471e-01,1.859469084682095485e-01,2.525802042527636626e+00,-1.473425630786311169e+00,2.816591723840854211e+00,-1.751210883789437789e+00,8.535166246687113656e-01,-2.013029785956995443e+00,3.027261886163971738e+00,-1.020930207557771086e+00,3.898766790376776425e-01,9.580835791022357384e-01,-8.230922514014790137e-01,-1.519086276980041950e+00,-1.206053516605658515e+00,-8.684656781357333877e-01,-4.065545061117316061e-01,-1.887332010294856754e+00,2.672479363084237391e+00,1.023784430530598977e+00,-5.142859749332499009e-01,2.869707629824620909e+00,2.917056130183549367e+00,3.335339884242810027e-01,-9.927310473657549039e-01,9.862226668614880731e-01,1.059470858600237042e+00
